1;kit piston 110;Repuesto moto ;13000,00;25
2;kit piston 150;Repuesto moto ;15000,00;30
3;kit piston skua250;Repuesto moto ;30000,00;18
4;kit piston  ybr125;Repuesto moto ;27000,00;12
5;kit piston crypton 105;Repuesto moto ;18000,00;24
6;kit piston new crypton 110;Repuesto moto ;13000,00;25
7;kit piston dakar200;Repuesto moto ;44000,00;30
8;biela smash 110;Repuesto moto ;8000,00;18
9;biela rx150;Repuesto moto ;8000,00;12
10;biela ybr125;Repuesto moto ;7000,00;24
11;biela crypton;Repuesto moto ;7000,00;25
12;jgo valvulas smash 110;Repuesto moto ;11700,00;30
13;jgo valvulas rx150;Repuesto moto ;11700,00;18
14;jgo valvula ybr125;Repuesto moto ;11700,00;12
15;jgo valvula crypton ;Repuesto moto ;14000,00;24
16;jgo valvulas motard200;Repuesto moto ;17000,00;47
17;jgo valvulas skua250;Repuesto moto ;19000,00;12
